Category,Company,Plant,Features,Data Shape,Timesteps,Model,Model Params,Scaler,Scaler Params,Imputer,Imputer Params,Cross Validation,Cross Validation Params,RMSE Train,MAE Train,MAPE Train,R2 Train,RMSE Test,MAE Test,MAPE Test,R2 Test
Local Model,209,N,Chemical + Properties CS Less,"(841, 26)",1,Transformer,,Standard Scaler,,Median,,Repeated KFold,"{""N_Splits"": 5, ""Repeats"": 3}",1.1675455250513187,0.9477601709819984,0.022828429238952067,0.973005485335431,1.552979135127405,1.2165131066677852,0.028615418847024426,0.9525457676917797
Local Model,209,N,Chemical + Properties CS Less,"(841, 26)",1,Transformer,,Standard Scaler,,Median,,Repeated KFold,"{""N_Splits"": 5, ""Repeats"": 3}",0.9770279815224527,0.755815562096606,0.017866052739457256,0.9811837701258552,1.6622879280886989,1.2900647299630297,0.030215824467398483,0.944847855712827
Local Model,209,N,Chemical + Properties CS Less,"(841, 26)",1,Transformer,,Standard Scaler,,Median,,Repeated KFold,"{""N_Splits"": 5, ""Repeats"": 3}",1.1714234029863908,0.9422035965487301,0.022645635642911516,0.9731196332792404,1.744340728597702,1.3808307375226685,0.032369356802821665,0.9377231884054893
Local Model,209,N,Chemical + Properties CS Less,"(841, 26)",1,Transformer,,Standard Scaler,,Median,,Repeated KFold,"{""N_Splits"": 5, ""Repeats"": 3}",1.2432846950364935,1.007512052629537,0.02390092407794076,0.968997482315465,1.6576827130704594,1.329218219575429,0.03121371231229834,0.9488001715876111
Local Model,209,N,Chemical + Properties CS Less,"(841, 26)",1,Transformer,,Standard Scaler,,Median,,Repeated KFold,"{""N_Splits"": 5, ""Repeats"": 3}",1.2152961834934892,0.9707680009272263,0.023155552931659388,0.9710042769273273,1.567792544863586,1.2570451418558777,0.029630196829403446,0.9500159533776594
Local Model,209,N,Chemical + Properties CS Less,"(841, 26)",1,Transformer,,Standard Scaler,,Median,,Repeated KFold,"{""N_Splits"": 5, ""Repeats"": 3}",1.1498013041663324,0.9281189748219086,0.02213974320923348,0.9737335603641399,1.6469029606991554,1.3010074141462862,0.030482360706715346,0.9476086922896378
Local Model,209,N,Chemical + Properties CS Less,"(841, 26)",1,Transformer,,Standard Scaler,,Median,,Repeated KFold,"{""N_Splits"": 5, ""Repeats"": 3}",1.2078215699807433,0.9588871937449939,0.022476857906235402,0.9709951608489727,1.5641230680524048,1.284131604149226,0.029725751942573115,0.9523047451116667
Local Model,209,N,Chemical + Properties CS Less,"(841, 26)",1,Transformer,,Standard Scaler,,Median,,Repeated KFold,"{""N_Splits"": 5, ""Repeats"": 3}",1.1333327032291107,0.9113709130931944,0.021870509987012652,0.9745940812697996,1.507893488554818,1.2146490006219774,0.02832959996279952,0.955153094512608
Local Model,209,N,Chemical + Properties CS Less,"(841, 26)",1,Transformer,,Standard Scaler,,Median,,Repeated KFold,"{""N_Splits"": 5, ""Repeats"": 3}",1.1653300281370647,0.9251350312140881,0.02273477487267343,0.973616648489109,1.6183424876305932,1.277637654259091,0.029913872338628283,0.9437877385143759
Local Model,209,N,Chemical + Properties CS Less,"(841, 26)",1,Transformer,,Standard Scaler,,Median,,Repeated KFold,"{""N_Splits"": 5, ""Repeats"": 3}",1.2280329591251762,1.0001278666117939,0.023867901895168134,0.970059444270646,1.8887818913836802,1.55240921747117,0.03715003153696614,0.9306884222479229
Local Model,209,N,Chemical + Properties CS Less,"(841, 26)",1,Transformer,,Standard Scaler,,Median,,Repeated KFold,"{""N_Splits"": 5, ""Repeats"": 3}",1.1495772574830483,0.9263440949576258,0.022145645128980988,0.9743063464031744,1.5637057882495646,1.2406372566900314,0.02981899280718715,0.9483629972589358
Local Model,209,N,Chemical + Properties CS Less,"(841, 26)",1,Transformer,,Standard Scaler,,Median,,Repeated KFold,"{""N_Splits"": 5, ""Repeats"": 3}",1.2655122589372125,1.0245492354190373,0.024761998206928405,0.9676370545855129,1.8601203050469124,1.5465843700227286,0.03705797392685433,0.9372553059975767
Local Model,209,N,Chemical + Properties CS Less,"(841, 26)",1,Transformer,,Standard Scaler,,Median,,Repeated KFold,"{""N_Splits"": 5, ""Repeats"": 3}",1.0384303857034587,0.835720471499758,0.020072244409199188,0.9788443556143566,1.6398098888617532,1.256494308653331,0.029787540946849392,0.9446828693563485
Local Model,209,N,Chemical + Properties CS Less,"(841, 26)",1,Transformer,,Standard Scaler,,Median,,Repeated KFold,"{""N_Splits"": 5, ""Repeats"": 3}",1.1596639252558951,0.9309960567933496,0.021814174502874328,0.9734967590285218,1.5422670404658247,1.208850928715296,0.028308565532167745,0.9525213702872325
Local Model,209,N,Chemical + Properties CS Less,"(841, 26)",1,Transformer,,Standard Scaler,,Median,,Repeated KFold,"{""N_Splits"": 5, ""Repeats"": 3}",1.1604265835278533,0.943248673959083,0.022889357389209254,0.9732796476204171,1.6677193658686469,1.3629909333728645,0.03157966706155784,0.9451251094128951
Local Model,209,N,Chemical + Properties CS Less,"(841, 26)",7,Transformer,,Standard Scaler,,Median,,Repeated KFold,"{""N_Splits"": 5, ""Repeats"": 3}",0.9532600744171397,0.7648327923695986,0.01801576275279702,0.9818848100901315,1.8494556349473041,1.4610664519253187,0.03289983011472699,0.9309658339414885
Local Model,209,N,Chemical + Properties CS Less,"(841, 26)",7,Transformer,,Standard Scaler,,Median,,Repeated KFold,"{""N_Splits"": 5, ""Repeats"": 3}",0.9784520593556691,0.7942334042614675,0.01870209125342076,0.981077040139806,2.0980307737920056,1.6636296335856104,0.038140832440850106,0.9126648744135996
Local Model,209,N,Chemical + Properties CS Less,"(841, 26)",7,Transformer,,Standard Scaler,,Median,,Repeated KFold,"{""N_Splits"": 5, ""Repeats"": 3}",1.1414879084488474,0.9451450656570559,0.021884879528801738,0.9744338747354809,2.7567102416388076,2.130205627441406,0.051214470897751926,0.8414079025718334
Local Model,209,N,Chemical + Properties CS Less,"(841, 26)",7,Transformer,,Standard Scaler,,Median,,Repeated KFold,"{""N_Splits"": 5, ""Repeats"": 3}",1.0973170803332966,0.8990681655534358,0.02088678573090539,0.9757629270916464,2.195741071671589,1.8040552139282249,0.04256670515357329,0.9079289045900913
Local Model,209,N,Chemical + Properties CS Less,"(841, 26)",7,Transformer,,Standard Scaler,,Median,,Repeated KFold,"{""N_Splits"": 5, ""Repeats"": 3}",0.9741844045872592,0.7777333325102127,0.01832932179762806,0.9812886528148611,2.5328345414066256,2.010201950073247,0.04689132254176196,0.8683929408883764
Local Model,209,N,Chemical + Properties CS Less,"(841, 26)",7,Transformer,,Standard Scaler,,Median,,Repeated KFold,"{""N_Splits"": 5, ""Repeats"": 3}",1.0713496145907557,0.8645857983043805,0.02056718357340802,0.977052787593933,2.1428898496171245,1.6101677446175888,0.037299416404039124,0.9091885485971165
Local Model,209,N,Chemical + Properties CS Less,"(841, 26)",7,Transformer,,Standard Scaler,,Median,,Repeated KFold,"{""N_Splits"": 5, ""Repeats"": 3}",1.0658192719435406,0.8581836892630316,0.020837660646407574,0.9773637878568219,2.3682067857189404,1.9457469431559244,0.04512354083531927,0.8892034291883486
Local Model,209,N,Chemical + Properties CS Less,"(841, 26)",7,Transformer,,Standard Scaler,,Median,,Repeated KFold,"{""N_Splits"": 5, ""Repeats"": 3}",1.161222365839575,0.9479579814881782,0.022416677025022813,0.9732524409383726,2.0007578480879533,1.59822651163737,0.037469728589499755,0.9197032846179699
Local Model,209,N,Chemical + Properties CS Less,"(841, 26)",7,Transformer,,Standard Scaler,,Median,,Repeated KFold,"{""N_Splits"": 5, ""Repeats"": 3}",0.9428610870268735,0.7411101258256058,0.01729414244632337,0.9826661811945322,2.2337237341126213,1.762068822224937,0.04025906681723467,0.8929561245536137
Local Model,209,N,Chemical + Properties CS Less,"(841, 26)",7,Transformer,,Standard Scaler,,Median,,Repeated KFold,"{""N_Splits"": 5, ""Repeats"": 3}",1.1436359807263026,0.9638419184793963,0.022581769525896196,0.9739716529638284,2.223998031979689,1.8511835403442396,0.04413633853182724,0.9001178984085321
Local Model,209,N,Chemical + Properties CS Less,"(841, 26)",7,Transformer,,Standard Scaler,,Median,,Repeated KFold,"{""N_Splits"": 5, ""Repeats"": 3}",0.9230671874051697,0.7310961463764915,0.017324179579308038,0.9833762162597173,1.9886705884693885,1.5614440917968746,0.037494885727313625,0.9144976660372692
Local Model,209,N,Chemical + Properties CS Less,"(841, 26)",7,Transformer,,Standard Scaler,,Median,,Repeated KFold,"{""N_Splits"": 5, ""Repeats"": 3}",0.9845127371377557,0.8011266484151381,0.01885165368760779,0.9802885250971142,2.0985370979011617,1.6986514383951834,0.040545378487233906,0.9195569687583292
Local Model,209,N,Chemical + Properties CS Less,"(841, 26)",7,Transformer,,Standard Scaler,,Median,,Repeated KFold,"{""N_Splits"": 5, ""Repeats"": 3}",0.9565625584059667,0.7585032863471353,0.017650940867521055,0.9820156626631277,1.9644734815741753,1.5650230763753266,0.03801951369307804,0.9186400392441817
Local Model,209,N,Chemical + Properties CS Less,"(841, 26)",7,Transformer,,Standard Scaler,,Median,,Repeated KFold,"{""N_Splits"": 5, ""Repeats"": 3}",1.0621941996880848,0.8657916399540798,0.02057407542520981,0.9777200467400831,2.014312216418976,1.5748865610758496,0.036887004146299085,0.9158524356232718
Local Model,209,N,Chemical + Properties CS Less,"(841, 26)",7,Transformer,,Standard Scaler,,Median,,Repeated KFold,"{""N_Splits"": 5, ""Repeats"": 3}",0.9883565445319994,0.7879340659571055,0.018774909321910106,0.9805419310952959,2.067183896398353,1.7176252085367862,0.0391986774583098,0.9125471401599244
Local Model,209,N,Chemical + Properties CS Less,"(841, 26)",14,Transformer,,Standard Scaler,,Median,,Repeated KFold,"{""N_Splits"": 5, ""Repeats"": 3}",1.305796823548189,1.0769342539999733,0.025455488238823855,0.9655536278607506,2.366593089795662,1.8964266380896928,0.04404249919223535,0.8852029646814333
Local Model,209,N,Chemical + Properties CS Less,"(841, 26)",14,Transformer,,Standard Scaler,,Median,,Repeated KFold,"{""N_Splits"": 5, ""Repeats"": 3}",1.0674729578073032,0.8529541737649733,0.020331155839128666,0.9771377109607962,2.5068787558928993,1.9970964476119653,0.04571995412665553,0.8655606548857933
Local Model,209,N,Chemical + Properties CS Less,"(841, 26)",14,Transformer,,Standard Scaler,,Median,,Repeated KFold,"{""N_Splits"": 5, ""Repeats"": 3}",1.1472184959046239,0.934043566586468,0.021569568110818317,0.9738095634604796,2.667111083936457,2.0393947778746155,0.05097095662896446,0.8509023809105605
Local Model,209,N,Chemical + Properties CS Less,"(841, 26)",14,Transformer,,Standard Scaler,,Median,,Repeated KFold,"{""N_Splits"": 5, ""Repeats"": 3}",1.0179398059790306,0.8090273703686454,0.018908038183360204,0.9789029673665238,2.257392909821215,1.8242638876271826,0.04290367776889817,0.8995193903226754
Local Model,209,N,Chemical + Properties CS Less,"(841, 26)",14,Transformer,,Standard Scaler,,Median,,Repeated KFold,"{""N_Splits"": 5, ""Repeats"": 3}",1.2433442115171012,1.0317604197312606,0.024544886160718003,0.9691905636752224,2.1227716266138823,1.781707444301874,0.04264131040983299,0.902643396452769
Local Model,209,N,Chemical + Properties CS Less,"(841, 26)",14,Transformer,,Standard Scaler,,Median,,Repeated KFold,"{""N_Splits"": 5, ""Repeats"": 3}",1.2358216281616423,1.0189951855989434,0.023744272773905385,0.9690317828746023,2.727064762253936,2.1869539231520427,0.05042549854059399,0.852109201548274
Local Model,209,N,Chemical + Properties CS Less,"(841, 26)",14,Transformer,,Standard Scaler,,Median,,Repeated KFold,"{""N_Splits"": 5, ""Repeats"": 3}",1.123296090838409,0.9089689958734859,0.02129756667952581,0.974440830110258,2.145314136637316,1.6649208660273602,0.039043342283851125,0.9041556168523242
Local Model,209,N,Chemical + Properties CS Less,"(841, 26)",14,Transformer,,Standard Scaler,,Median,,Repeated KFold,"{""N_Splits"": 5, ""Repeats"": 3}",1.229842250175345,0.9952761063440373,0.023882871976714716,0.9696720996063267,2.220952464697328,1.8044918030731452,0.04309705000454741,0.9003883469635044
Local Model,209,N,Chemical + Properties CS Less,"(841, 26)",14,Transformer,,Standard Scaler,,Median,,Repeated KFold,"{""N_Splits"": 5, ""Repeats"": 3}",1.384106650051483,1.150137102867151,0.02697679571911135,0.9622202860184446,2.2230166261330035,1.7928197165792334,0.04132473725092253,0.8906759986210558
Local Model,209,N,Chemical + Properties CS Less,"(841, 26)",14,Transformer,,Standard Scaler,,Median,,Repeated KFold,"{""N_Splits"": 5, ""Repeats"": 3}",1.1257160563262958,0.912117550726568,0.021194428249218307,0.9744574901291954,2.2019140310136636,1.7591204621071064,0.041455503511537053,0.8991340628581689
Local Model,209,N,Chemical + Properties CS Less,"(841, 26)",14,Transformer,,Standard Scaler,,Median,,Repeated KFold,"{""N_Splits"": 5, ""Repeats"": 3}",1.2913835351062923,1.059386820137784,0.024982440110213628,0.9671187213575507,2.196710752372833,1.8325910538893502,0.043390623648070184,0.8970474657509849
Local Model,209,N,Chemical + Properties CS Less,"(841, 26)",14,Transformer,,Standard Scaler,,Median,,Repeated KFold,"{""N_Splits"": 5, ""Repeats"": 3}",1.2163394596984571,0.9734302689224397,0.022608044042118847,0.9695382266483692,2.2073704185939995,1.8884188689002728,0.0448340197078537,0.9094857907515619
Local Model,209,N,Chemical + Properties CS Less,"(841, 26)",14,Transformer,,Standard Scaler,,Median,,Repeated KFold,"{""N_Splits"": 5, ""Repeats"": 3}",1.2049172064378184,0.9701130346544915,0.022314176492539757,0.9710149834258024,2.1540189374469136,1.6748364884723996,0.039844950262214025,0.9022186664804653
Local Model,209,N,Chemical + Properties CS Less,"(841, 26)",14,Transformer,,Standard Scaler,,Median,,Repeated KFold,"{""N_Splits"": 5, ""Repeats"": 3}",1.1567376464927301,0.9277294279272998,0.021972286805489058,0.9731774844957916,1.6221569668628792,1.3089776918869596,0.030531453567483522,0.9454690500933246
Local Model,209,N,Chemical + Properties CS Less,"(841, 26)",14,Transformer,,Standard Scaler,,Median,,Repeated KFold,"{""N_Splits"": 5, ""Repeats"": 3}",1.207975711935509,1.0005209673090318,0.023533516493456298,0.9705197057658563,2.0253755791567762,1.6097021945687215,0.03568432565399214,0.9123399340447601
Local Model,209,N,Chemical + Properties CS Less,"(841, 26)",1,Transformer,,Standard Scaler,,Median,,Blocking Time Series Split,"{""N_Splits"": 5, ""Repeats"": 3, ""train_size"": 0.8}",1.3213424197790729,1.0555453570921027,0.024637393845800624,0.9665360443625614,2.3100341296835216,1.8596086165484191,0.046361898885220625,0.9186912924932505
Local Model,209,N,Chemical + Properties CS Less,"(841, 26)",1,Transformer,,Standard Scaler,,Median,,Blocking Time Series Split,"{""N_Splits"": 5, ""Repeats"": 3, ""train_size"": 0.8}",1.3986790479252746,1.1890015730217347,0.028206783746780085,0.9641723795877936,2.0793213943812328,1.641965798770681,0.03766795214949069,0.9169214509722261
Local Model,209,N,Chemical + Properties CS Less,"(841, 26)",1,Transformer,,Standard Scaler,,Median,,Blocking Time Series Split,"{""N_Splits"": 5, ""Repeats"": 3, ""train_size"": 0.8}",1.2659822234312328,1.032613532222918,0.023879113247376748,0.9717737776220781,2.356757709331323,1.9113162994384765,0.0438183783972989,0.8907963172774623
Local Model,209,N,Chemical + Properties CS Less,"(841, 26)",1,Transformer,,Standard Scaler,,Median,,Blocking Time Series Split,"{""N_Splits"": 5, ""Repeats"": 3, ""train_size"": 0.8}",1.2331102438255066,1.0227016448974642,0.025058168132439333,0.9673869758603415,1.8565241887512145,1.532058581183934,0.038532177989804475,0.9272056904962992
Local Model,209,N,Chemical + Properties CS Less,"(841, 26)",1,Transformer,,Standard Scaler,,Median,,Blocking Time Series Split,"{""N_Splits"": 5, ""Repeats"": 3, ""train_size"": 0.8}",1.3226236968338836,1.1098913961382022,0.02556600417554713,0.9576542166098165,2.0020636848265556,1.6686107411104134,0.03694164451657567,0.8776823929066255
Local Model,209,N,Chemical + Properties CS Less,"(841, 26)",1,Transformer,,Standard Scaler,,Median,,Blocking Time Series Split,"{""N_Splits"": 5, ""Repeats"": 3, ""train_size"": 0.8}",1.3213424197790729,1.0555453570921027,0.024637393845800624,0.9665360443625614,2.3100341296835216,1.8596086165484191,0.046361898885220625,0.9186912924932505
Local Model,209,N,Chemical + Properties CS Less,"(841, 26)",1,Transformer,,Standard Scaler,,Median,,Blocking Time Series Split,"{""N_Splits"": 5, ""Repeats"": 3, ""train_size"": 0.8}",1.3986790479252746,1.1890015730217347,0.028206783746780085,0.9641723795877936,2.0793213943812328,1.641965798770681,0.03766795214949069,0.9169214509722261
Local Model,209,N,Chemical + Properties CS Less,"(841, 26)",1,Transformer,,Standard Scaler,,Median,,Blocking Time Series Split,"{""N_Splits"": 5, ""Repeats"": 3, ""train_size"": 0.8}",1.2659822234312328,1.032613532222918,0.023879113247376748,0.9717737776220781,2.356757709331323,1.9113162994384765,0.0438183783972989,0.8907963172774623
Local Model,209,N,Chemical + Properties CS Less,"(841, 26)",1,Transformer,,Standard Scaler,,Median,,Blocking Time Series Split,"{""N_Splits"": 5, ""Repeats"": 3, ""train_size"": 0.8}",1.2331102438255066,1.0227016448974642,0.025058168132439333,0.9673869758603415,1.8565241887512145,1.532058581183934,0.038532177989804475,0.9272056904962992
Local Model,209,N,Chemical + Properties CS Less,"(841, 26)",1,Transformer,,Standard Scaler,,Median,,Blocking Time Series Split,"{""N_Splits"": 5, ""Repeats"": 3, ""train_size"": 0.8}",1.3226236968338836,1.1098913961382022,0.02556600417554713,0.9576542166098165,2.0020636848265556,1.6686107411104134,0.03694164451657567,0.8776823929066255
Local Model,209,N,Chemical + Properties CS Less,"(841, 26)",1,Transformer,,Standard Scaler,,Median,,Blocking Time Series Split,"{""N_Splits"": 5, ""Repeats"": 3, ""train_size"": 0.8}",1.3213424197790729,1.0555453570921027,0.024637393845800624,0.9665360443625614,2.3100341296835216,1.8596086165484191,0.046361898885220625,0.9186912924932505
Local Model,209,N,Chemical + Properties CS Less,"(841, 26)",1,Transformer,,Standard Scaler,,Median,,Blocking Time Series Split,"{""N_Splits"": 5, ""Repeats"": 3, ""train_size"": 0.8}",1.3986790479252746,1.1890015730217347,0.028206783746780085,0.9641723795877936,2.0793213943812328,1.641965798770681,0.03766795214949069,0.9169214509722261
Local Model,209,N,Chemical + Properties CS Less,"(841, 26)",1,Transformer,,Standard Scaler,,Median,,Blocking Time Series Split,"{""N_Splits"": 5, ""Repeats"": 3, ""train_size"": 0.8}",1.2659822234312328,1.032613532222918,0.023879113247376748,0.9717737776220781,2.356757709331323,1.9113162994384765,0.0438183783972989,0.8907963172774623
Local Model,209,N,Chemical + Properties CS Less,"(841, 26)",1,Transformer,,Standard Scaler,,Median,,Blocking Time Series Split,"{""N_Splits"": 5, ""Repeats"": 3, ""train_size"": 0.8}",1.2331102438255066,1.0227016448974642,0.025058168132439333,0.9673869758603415,1.8565241887512145,1.532058581183934,0.038532177989804475,0.9272056904962992
Local Model,209,N,Chemical + Properties CS Less,"(841, 26)",1,Transformer,,Standard Scaler,,Median,,Blocking Time Series Split,"{""N_Splits"": 5, ""Repeats"": 3, ""train_size"": 0.8}",1.3226236968338836,1.1098913961382022,0.02556600417554713,0.9576542166098165,2.0020636848265556,1.6686107411104134,0.03694164451657567,0.8776823929066255
Local Model,209,N,Chemical + Properties CS Less,"(841, 26)",7,Transformer,,Standard Scaler,,Median,,Blocking Time Series Split,"{""N_Splits"": 5, ""Repeats"": 3, ""train_size"": 0.8}",1.3766588959113228,1.1686725156060573,0.027922251385870754,0.9632837416294979,2.480636272102512,1.9229678630828837,0.048734760473715694,0.9088918805891517
Local Model,209,N,Chemical + Properties CS Less,"(841, 26)",7,Transformer,,Standard Scaler,,Median,,Blocking Time Series Split,"{""N_Splits"": 5, ""Repeats"": 3, ""train_size"": 0.8}",1.434554049240231,1.1918343379579759,0.02864442661817253,0.9617633574509398,2.505987851670791,1.9239945411682182,0.049700722649540834,0.8748657519970676
Local Model,209,N,Chemical + Properties CS Less,"(841, 26)",7,Transformer,,Standard Scaler,,Median,,Blocking Time Series Split,"{""N_Splits"": 5, ""Repeats"": 3, ""train_size"": 0.8}",1.2825835995231842,1.0460959533165257,0.024643664660036927,0.9718375811950085,2.8490725011855194,2.682296466827399,0.06661520626718882,0.837676887123117
Local Model,209,N,Chemical + Properties CS Less,"(841, 26)",7,Transformer,,Standard Scaler,,Median,,Blocking Time Series Split,"{""N_Splits"": 5, ""Repeats"": 3, ""train_size"": 0.8}",1.3429749232213162,1.1072067194971575,0.02736092817321279,0.9604951129975234,2.8765634731701284,2.1957881450653174,0.04787332947531191,0.8296083523782126
Local Model,209,N,Chemical + Properties CS Less,"(841, 26)",7,Transformer,,Standard Scaler,,Median,,Blocking Time Series Split,"{""N_Splits"": 5, ""Repeats"": 3, ""train_size"": 0.8}",1.6172550996467134,1.423296356201173,0.033555813710860145,0.9367316963965898,2.3585312399749987,2.147367715835577,0.049725896697776883,0.8033673248092643
Local Model,209,N,Chemical + Properties CS Less,"(841, 26)",7,Transformer,,Standard Scaler,,Median,,Blocking Time Series Split,"{""N_Splits"": 5, ""Repeats"": 3, ""train_size"": 0.8}",1.3766588959113228,1.1686725156060573,0.027922251385870754,0.9632837416294979,2.480636272102512,1.9229678630828837,0.048734760473715694,0.9088918805891517
Local Model,209,N,Chemical + Properties CS Less,"(841, 26)",7,Transformer,,Standard Scaler,,Median,,Blocking Time Series Split,"{""N_Splits"": 5, ""Repeats"": 3, ""train_size"": 0.8}",1.434554049240231,1.1918343379579759,0.02864442661817253,0.9617633574509398,2.505987851670791,1.9239945411682182,0.049700722649540834,0.8748657519970676
Local Model,209,N,Chemical + Properties CS Less,"(841, 26)",7,Transformer,,Standard Scaler,,Median,,Blocking Time Series Split,"{""N_Splits"": 5, ""Repeats"": 3, ""train_size"": 0.8}",1.2825835995231842,1.0460959533165257,0.024643664660036927,0.9718375811950085,2.8490725011855194,2.682296466827399,0.06661520626718882,0.837676887123117
Local Model,209,N,Chemical + Properties CS Less,"(841, 26)",7,Transformer,,Standard Scaler,,Median,,Blocking Time Series Split,"{""N_Splits"": 5, ""Repeats"": 3, ""train_size"": 0.8}",1.3429749232213162,1.1072067194971575,0.02736092817321279,0.9604951129975234,2.8765634731701284,2.1957881450653174,0.04787332947531191,0.8296083523782126
Local Model,209,N,Chemical + Properties CS Less,"(841, 26)",7,Transformer,,Standard Scaler,,Median,,Blocking Time Series Split,"{""N_Splits"": 5, ""Repeats"": 3, ""train_size"": 0.8}",1.6172550996467134,1.423296356201173,0.033555813710860145,0.9367316963965898,2.3585312399749987,2.147367715835577,0.049725896697776883,0.8033673248092643
Local Model,209,N,Chemical + Properties CS Less,"(841, 26)",7,Transformer,,Standard Scaler,,Median,,Blocking Time Series Split,"{""N_Splits"": 5, ""Repeats"": 3, ""train_size"": 0.8}",1.3766588959113228,1.1686725156060573,0.027922251385870754,0.9632837416294979,2.480636272102512,1.9229678630828837,0.048734760473715694,0.9088918805891517
Local Model,209,N,Chemical + Properties CS Less,"(841, 26)",7,Transformer,,Standard Scaler,,Median,,Blocking Time Series Split,"{""N_Splits"": 5, ""Repeats"": 3, ""train_size"": 0.8}",1.434554049240231,1.1918343379579759,0.02864442661817253,0.9617633574509398,2.505987851670791,1.9239945411682182,0.049700722649540834,0.8748657519970676
Local Model,209,N,Chemical + Properties CS Less,"(841, 26)",7,Transformer,,Standard Scaler,,Median,,Blocking Time Series Split,"{""N_Splits"": 5, ""Repeats"": 3, ""train_size"": 0.8}",1.2825835995231842,1.0460959533165257,0.024643664660036927,0.9718375811950085,2.8490725011855194,2.682296466827399,0.06661520626718882,0.837676887123117
Local Model,209,N,Chemical + Properties CS Less,"(841, 26)",7,Transformer,,Standard Scaler,,Median,,Blocking Time Series Split,"{""N_Splits"": 5, ""Repeats"": 3, ""train_size"": 0.8}",1.3429749232213162,1.1072067194971575,0.02736092817321279,0.9604951129975234,2.8765634731701284,2.1957881450653174,0.04787332947531191,0.8296083523782126
Local Model,209,N,Chemical + Properties CS Less,"(841, 26)",7,Transformer,,Standard Scaler,,Median,,Blocking Time Series Split,"{""N_Splits"": 5, ""Repeats"": 3, ""train_size"": 0.8}",1.6172550996467134,1.423296356201173,0.033555813710860145,0.9367316963965898,2.3585312399749987,2.147367715835577,0.049725896697776883,0.8033673248092643
Local Model,209,N,Chemical + Properties CS Less,"(841, 26)",1,Transformer,,Standard Scaler,,Median,,Time Series Split,"{""N_Splits"": 5, ""Repeats"": 3, ""Gap"": 0}",1.408037524129625,1.156496029035418,0.027633137319321776,0.9629498433395038,2.38025169471297,1.9789847619192935,0.04800628635765568,0.8988032063349112
Local Model,209,N,Chemical + Properties CS Less,"(841, 26)",1,Transformer,,Standard Scaler,,Median,,Time Series Split,"{""N_Splits"": 5, ""Repeats"": 3, ""Gap"": 0}",1.1432043824529416,0.9058904573162252,0.02170052483556454,0.9761815603952503,2.998602977644919,2.203258051191061,0.04752654022117439,0.848057670661094
Local Model,209,N,Chemical + Properties CS Less,"(841, 26)",1,Transformer,,Standard Scaler,,Median,,Time Series Split,"{""N_Splits"": 5, ""Repeats"": 3, ""Gap"": 0}",1.1678202849132922,0.9293169814447325,0.022651329839307236,0.9757855061736361,1.8607666433795165,1.5416915893554684,0.03620733476926682,0.9299389096383136
Local Model,209,N,Chemical + Properties CS Less,"(841, 26)",1,Transformer,,Standard Scaler,,Median,,Time Series Split,"{""N_Splits"": 5, ""Repeats"": 3, ""Gap"": 0}",1.1582806850581915,0.9380867915569997,0.022673811517735835,0.9754565239320669,2.524574676124117,2.064509500776022,0.05037102983292063,0.854721089790105
Local Model,209,N,Chemical + Properties CS Less,"(841, 26)",1,Transformer,,Standard Scaler,,Median,,Time Series Split,"{""N_Splits"": 5, ""Repeats"": 3, ""Gap"": 0}",1.2535557775979804,1.028668452329541,0.02461129661074324,0.970232239894317,1.8066200397432075,1.4064942441667796,0.03221098623141063,0.9166004135779793
Local Model,209,N,Chemical + Properties CS Less,"(841, 26)",1,Transformer,,Standard Scaler,,Median,,Time Series Split,"{""N_Splits"": 5, ""Repeats"": 3, ""Gap"": 0}",1.408037524129625,1.156496029035418,0.027633137319321776,0.9629498433395038,2.38025169471297,1.9789847619192935,0.04800628635765568,0.8988032063349112
Local Model,209,N,Chemical + Properties CS Less,"(841, 26)",1,Transformer,,Standard Scaler,,Median,,Time Series Split,"{""N_Splits"": 5, ""Repeats"": 3, ""Gap"": 0}",1.1432043824529416,0.9058904573162252,0.02170052483556454,0.9761815603952503,2.998602977644919,2.203258051191061,0.04752654022117439,0.848057670661094
Local Model,209,N,Chemical + Properties CS Less,"(841, 26)",1,Transformer,,Standard Scaler,,Median,,Time Series Split,"{""N_Splits"": 5, ""Repeats"": 3, ""Gap"": 0}",1.1678202849132922,0.9293169814447325,0.022651329839307236,0.9757855061736361,1.8607666433795165,1.5416915893554684,0.03620733476926682,0.9299389096383136
Local Model,209,N,Chemical + Properties CS Less,"(841, 26)",1,Transformer,,Standard Scaler,,Median,,Time Series Split,"{""N_Splits"": 5, ""Repeats"": 3, ""Gap"": 0}",1.1582806850581915,0.9380867915569997,0.022673811517735835,0.9754565239320669,2.524574676124117,2.064509500776022,0.05037102983292063,0.854721089790105
Local Model,209,N,Chemical + Properties CS Less,"(841, 26)",1,Transformer,,Standard Scaler,,Median,,Time Series Split,"{""N_Splits"": 5, ""Repeats"": 3, ""Gap"": 0}",1.2535557775979804,1.028668452329541,0.02461129661074324,0.970232239894317,1.8066200397432075,1.4064942441667796,0.03221098623141063,0.9166004135779793
Local Model,209,N,Chemical + Properties CS Less,"(841, 26)",1,Transformer,,Standard Scaler,,Median,,Time Series Split,"{""N_Splits"": 5, ""Repeats"": 3, ""Gap"": 0}",1.408037524129625,1.156496029035418,0.027633137319321776,0.9629498433395038,2.38025169471297,1.9789847619192935,0.04800628635765568,0.8988032063349112
Local Model,209,N,Chemical + Properties CS Less,"(841, 26)",1,Transformer,,Standard Scaler,,Median,,Time Series Split,"{""N_Splits"": 5, ""Repeats"": 3, ""Gap"": 0}",1.1432043824529416,0.9058904573162252,0.02170052483556454,0.9761815603952503,2.998602977644919,2.203258051191061,0.04752654022117439,0.848057670661094
Local Model,209,N,Chemical + Properties CS Less,"(841, 26)",1,Transformer,,Standard Scaler,,Median,,Time Series Split,"{""N_Splits"": 5, ""Repeats"": 3, ""Gap"": 0}",1.1678202849132922,0.9293169814447325,0.022651329839307236,0.9757855061736361,1.8607666433795165,1.5416915893554684,0.03620733476926682,0.9299389096383136
Local Model,209,N,Chemical + Properties CS Less,"(841, 26)",1,Transformer,,Standard Scaler,,Median,,Time Series Split,"{""N_Splits"": 5, ""Repeats"": 3, ""Gap"": 0}",1.1582806850581915,0.9380867915569997,0.022673811517735835,0.9754565239320669,2.524574676124117,2.064509500776022,0.05037102983292063,0.854721089790105
Local Model,209,N,Chemical + Properties CS Less,"(841, 26)",1,Transformer,,Standard Scaler,,Median,,Time Series Split,"{""N_Splits"": 5, ""Repeats"": 3, ""Gap"": 0}",1.2535557775979804,1.028668452329541,0.02461129661074324,0.970232239894317,1.8066200397432075,1.4064942441667796,0.03221098623141063,0.9166004135779793
Local Model,209,N,Chemical + Properties CS Less,"(841, 26)",7,Transformer,,Standard Scaler,,Median,,Time Series Split,"{""N_Splits"": 5, ""Repeats"": 3, ""Gap"": 0}",1.6382121047275169,1.4249712129918521,0.034977462549866396,0.9495386439426283,2.908863486911228,2.294664239101724,0.05316185377083711,0.8467432228088729
Local Model,209,N,Chemical + Properties CS Less,"(841, 26)",7,Transformer,,Standard Scaler,,Median,,Time Series Split,"{""N_Splits"": 5, ""Repeats"": 3, ""Gap"": 0}",1.2069116631861683,1.0001013520099362,0.023971269710099677,0.9734203562837818,4.4699068717283685,2.961403337072159,0.06279808645722969,0.6672322592104851
Local Model,209,N,Chemical + Properties CS Less,"(841, 26)",7,Transformer,,Standard Scaler,,Median,,Time Series Split,"{""N_Splits"": 5, ""Repeats"": 3, ""Gap"": 0}",1.2266960010809125,1.029258627690394,0.02459014551966063,0.9732907789352483,2.7264218649918393,2.262538769206064,0.05317617644819306,0.8519872900168888
Local Model,209,N,Chemical + Properties CS Less,"(841, 26)",7,Transformer,,Standard Scaler,,Median,,Time Series Split,"{""N_Splits"": 5, ""Repeats"": 3, ""Gap"": 0}",1.107691394669488,0.9013297233792307,0.021627904642832405,0.9775378767346086,2.681042027709871,2.2698793442522938,0.055894041787483,0.8358525103721552
Local Model,209,N,Chemical + Properties CS Less,"(841, 26)",7,Transformer,,Standard Scaler,,Median,,Time Series Split,"{""N_Splits"": 5, ""Repeats"": 3, ""Gap"": 0}",1.0174135676114757,0.8233680043702248,0.019585600142099844,0.9803621369452798,2.672983395884254,2.237597862618867,0.05079865073644622,0.8074632678562021
Local Model,209,N,Chemical + Properties CS Less,"(841, 26)",7,Transformer,,Standard Scaler,,Median,,Time Series Split,"{""N_Splits"": 5, ""Repeats"": 3, ""Gap"": 0}",1.6382121047275169,1.4249712129918521,0.034977462549866396,0.9495386439426283,2.908863486911228,2.294664239101724,0.05316185377083711,0.8467432228088729
Local Model,209,N,Chemical + Properties CS Less,"(841, 26)",7,Transformer,,Standard Scaler,,Median,,Time Series Split,"{""N_Splits"": 5, ""Repeats"": 3, ""Gap"": 0}",1.2069116631861683,1.0001013520099362,0.023971269710099677,0.9734203562837818,4.4699068717283685,2.961403337072159,0.06279808645722969,0.6672322592104851
Local Model,209,N,Chemical + Properties CS Less,"(841, 26)",7,Transformer,,Standard Scaler,,Median,,Time Series Split,"{""N_Splits"": 5, ""Repeats"": 3, ""Gap"": 0}",1.2266960010809125,1.029258627690394,0.02459014551966063,0.9732907789352483,2.7264218649918393,2.262538769206064,0.05317617644819306,0.8519872900168888
Local Model,209,N,Chemical + Properties CS Less,"(841, 26)",7,Transformer,,Standard Scaler,,Median,,Time Series Split,"{""N_Splits"": 5, ""Repeats"": 3, ""Gap"": 0}",1.107691394669488,0.9013297233792307,0.021627904642832405,0.9775378767346086,2.681042027709871,2.2698793442522938,0.055894041787483,0.8358525103721552
Local Model,209,N,Chemical + Properties CS Less,"(841, 26)",7,Transformer,,Standard Scaler,,Median,,Time Series Split,"{""N_Splits"": 5, ""Repeats"": 3, ""Gap"": 0}",1.0174135676114757,0.8233680043702248,0.019585600142099844,0.9803621369452798,2.672983395884254,2.237597862618867,0.05079865073644622,0.8074632678562021
Local Model,209,N,Chemical + Properties CS Less,"(841, 26)",7,Transformer,,Standard Scaler,,Median,,Time Series Split,"{""N_Splits"": 5, ""Repeats"": 3, ""Gap"": 0}",1.6382121047275169,1.4249712129918521,0.034977462549866396,0.9495386439426283,2.908863486911228,2.294664239101724,0.05316185377083711,0.8467432228088729
Local Model,209,N,Chemical + Properties CS Less,"(841, 26)",7,Transformer,,Standard Scaler,,Median,,Time Series Split,"{""N_Splits"": 5, ""Repeats"": 3, ""Gap"": 0}",1.2069116631861683,1.0001013520099362,0.023971269710099677,0.9734203562837818,4.4699068717283685,2.961403337072159,0.06279808645722969,0.6672322592104851
Local Model,209,N,Chemical + Properties CS Less,"(841, 26)",7,Transformer,,Standard Scaler,,Median,,Time Series Split,"{""N_Splits"": 5, ""Repeats"": 3, ""Gap"": 0}",1.2266960010809125,1.029258627690394,0.02459014551966063,0.9732907789352483,2.7264218649918393,2.262538769206064,0.05317617644819306,0.8519872900168888
Local Model,209,N,Chemical + Properties CS Less,"(841, 26)",7,Transformer,,Standard Scaler,,Median,,Time Series Split,"{""N_Splits"": 5, ""Repeats"": 3, ""Gap"": 0}",1.107691394669488,0.9013297233792307,0.021627904642832405,0.9775378767346086,2.681042027709871,2.2698793442522938,0.055894041787483,0.8358525103721552
Local Model,209,N,Chemical + Properties CS Less,"(841, 26)",7,Transformer,,Standard Scaler,,Median,,Time Series Split,"{""N_Splits"": 5, ""Repeats"": 3, ""Gap"": 0}",1.0174135676114757,0.8233680043702248,0.019585600142099844,0.9803621369452798,2.672983395884254,2.237597862618867,0.05079865073644622,0.8074632678562021
Local Model,209,N,Chemical + Properties CS Less,"(841, 26)",14,Transformer,,Standard Scaler,,Median,,Time Series Split,"{""N_Splits"": 5, ""Repeats"": 3, ""Gap"": 0}",1.412790179986735,1.1648738487094021,0.027836102453111182,0.9594896803982292,2.5681832713504025,2.1088989333351034,0.05274427948915607,0.8754349033899452
Local Model,209,N,Chemical + Properties CS Less,"(841, 26)",14,Transformer,,Standard Scaler,,Median,,Time Series Split,"{""N_Splits"": 5, ""Repeats"": 3, ""Gap"": 0}",1.403063689463593,1.1840797361263553,0.027893892265179267,0.9631226485493743,7.718500922210798,5.2840975279855265,0.11069219715556768,0.028331933684206945
Local Model,209,N,Chemical + Properties CS Less,"(841, 26)",14,Transformer,,Standard Scaler,,Median,,Time Series Split,"{""N_Splits"": 5, ""Repeats"": 3, ""Gap"": 0}",1.3360327250679653,1.1076237903215502,0.02645200805065136,0.9678576767970579,3.328187668322625,2.794610814764951,0.06657113655471254,0.7815840854565221
Local Model,209,N,Chemical + Properties CS Less,"(841, 26)",14,Transformer,,Standard Scaler,,Median,,Time Series Split,"{""N_Splits"": 5, ""Repeats"": 3, ""Gap"": 0}",1.206210047337032,0.9963806371579226,0.023867369086599123,0.973034445469878,2.7152121213944436,2.2468246686576636,0.05549271769489415,0.8352811856854931
Local Model,209,N,Chemical + Properties CS Less,"(841, 26)",14,Transformer,,Standard Scaler,,Median,,Time Series Split,"{""N_Splits"": 5, ""Repeats"": 3, ""Gap"": 0}",1.2629825858035126,1.0398625054028106,0.024632054871580114,0.9693861599697824,2.2250969105315486,1.8823572442083092,0.044835470172325025,0.8629571139209531
Local Model,209,N,Chemical + Properties CS Less,"(841, 26)",14,Transformer,,Standard Scaler,,Median,,Time Series Split,"{""N_Splits"": 5, ""Repeats"": 3, ""Gap"": 0}",1.412790179986735,1.1648738487094021,0.027836102453111182,0.9594896803982292,2.5681832713504025,2.1088989333351034,0.05274427948915607,0.8754349033899452
Local Model,209,N,Chemical + Properties CS Less,"(841, 26)",14,Transformer,,Standard Scaler,,Median,,Time Series Split,"{""N_Splits"": 5, ""Repeats"": 3, ""Gap"": 0}",1.403063689463593,1.1840797361263553,0.027893892265179267,0.9631226485493743,7.718500922210798,5.2840975279855265,0.11069219715556768,0.028331933684206945
Local Model,209,N,Chemical + Properties CS Less,"(841, 26)",14,Transformer,,Standard Scaler,,Median,,Time Series Split,"{""N_Splits"": 5, ""Repeats"": 3, ""Gap"": 0}",1.3360327250679653,1.1076237903215502,0.02645200805065136,0.9678576767970579,3.328187668322625,2.794610814764951,0.06657113655471254,0.7815840854565221
Local Model,209,N,Chemical + Properties CS Less,"(841, 26)",14,Transformer,,Standard Scaler,,Median,,Time Series Split,"{""N_Splits"": 5, ""Repeats"": 3, ""Gap"": 0}",1.206210047337032,0.9963806371579226,0.023867369086599123,0.973034445469878,2.7152121213944436,2.2468246686576636,0.05549271769489415,0.8352811856854931
Local Model,209,N,Chemical + Properties CS Less,"(841, 26)",14,Transformer,,Standard Scaler,,Median,,Time Series Split,"{""N_Splits"": 5, ""Repeats"": 3, ""Gap"": 0}",1.2629825858035126,1.0398625054028106,0.024632054871580114,0.9693861599697824,2.2250969105315486,1.8823572442083092,0.044835470172325025,0.8629571139209531
Local Model,209,N,Chemical + Properties CS Less,"(841, 26)",14,Transformer,,Standard Scaler,,Median,,Time Series Split,"{""N_Splits"": 5, ""Repeats"": 3, ""Gap"": 0}",1.412790179986735,1.1648738487094021,0.027836102453111182,0.9594896803982292,2.5681832713504025,2.1088989333351034,0.05274427948915607,0.8754349033899452
Local Model,209,N,Chemical + Properties CS Less,"(841, 26)",14,Transformer,,Standard Scaler,,Median,,Time Series Split,"{""N_Splits"": 5, ""Repeats"": 3, ""Gap"": 0}",1.403063689463593,1.1840797361263553,0.027893892265179267,0.9631226485493743,7.718500922210798,5.2840975279855265,0.11069219715556768,0.028331933684206945
Local Model,209,N,Chemical + Properties CS Less,"(841, 26)",14,Transformer,,Standard Scaler,,Median,,Time Series Split,"{""N_Splits"": 5, ""Repeats"": 3, ""Gap"": 0}",1.3360327250679653,1.1076237903215502,0.02645200805065136,0.9678576767970579,3.328187668322625,2.794610814764951,0.06657113655471254,0.7815840854565221
Local Model,209,N,Chemical + Properties CS Less,"(841, 26)",14,Transformer,,Standard Scaler,,Median,,Time Series Split,"{""N_Splits"": 5, ""Repeats"": 3, ""Gap"": 0}",1.206210047337032,0.9963806371579226,0.023867369086599123,0.973034445469878,2.7152121213944436,2.2468246686576636,0.05549271769489415,0.8352811856854931
Local Model,209,N,Chemical + Properties CS Less,"(841, 26)",14,Transformer,,Standard Scaler,,Median,,Time Series Split,"{""N_Splits"": 5, ""Repeats"": 3, ""Gap"": 0}",1.2629825858035126,1.0398625054028106,0.024632054871580114,0.9693861599697824,2.2250969105315486,1.8823572442083092,0.044835470172325025,0.8629571139209531
Local Model,209,N,Chemical + Properties CS Less,"(841, 26)",1,Transformer,,Standard Scaler,,Median,,Out of time Split,"{""Test Size"": 0.2}",1.0929083978042502,0.8793063163757338,0.021444550497095434,0.9775916324313334,2.047500297066595,1.666321017474113,0.03761760357321587,0.8939031354661605
Local Model,209,N,Chemical + Properties CS Less,"(841, 26)",1,Transformer,,Standard Scaler,,Median,,Out of time Split,"{""Test Size"": 0.2}",1.2675525911721304,1.023169888768879,0.025043321116709847,0.9698578193477265,1.7630305108035191,1.424812316894532,0.03170285334556744,0.9213363200869908
Local Model,209,N,Chemical + Properties CS Less,"(841, 26)",1,Transformer,,Standard Scaler,,Median,,Out of time Split,"{""Test Size"": 0.2}",1.0265569356318616,0.8182844059807924,0.019795309695243006,0.980229904070148,1.8835685519915055,1.4985228950455343,0.033597875539829104,0.910212172343661
Local Model,209,N,Chemical + Properties CS Less,"(841, 26)",7,Transformer,,Standard Scaler,,Median,,Out of time Split,"{""Test Size"": 0.2}",1.0124200826437821,0.8130736744731949,0.019196075338893087,0.9807464493641144,2.0668989050598676,1.6283549580352994,0.03715007533914052,0.8913737867005562
Local Model,209,N,Chemical + Properties CS Less,"(841, 26)",7,Transformer,,Standard Scaler,,Median,,Out of time Split,"{""Test Size"": 0.2}",1.0665430115404986,0.8761098587549441,0.020729367124486205,0.9786328756494027,2.4776895689538936,2.0891566598652194,0.04644015532516738,0.8439046539443281
Local Model,209,N,Chemical + Properties CS Less,"(841, 26)",7,Transformer,,Standard Scaler,,Median,,Out of time Split,"{""Test Size"": 0.2}",1.2212367451356576,1.0156004004522217,0.023200937885442675,0.9719851013975874,2.4151969973892506,1.9926337235810705,0.045100394556290266,0.8516794626741124
Local Model,209,N,Chemical + Properties CS Less,"(841, 26)",14,Transformer,,Standard Scaler,,Median,,Out of time Split,"{""Test Size"": 0.2}",1.2616980226549672,1.040511769178732,0.025323048428142984,0.9697473876531106,2.666443544217411,2.2054019165039036,0.049915228017759855,0.8121744473877465
Local Model,209,N,Chemical + Properties CS Less,"(841, 26)",14,Transformer,,Standard Scaler,,Median,,Out of time Split,"{""Test Size"": 0.2}",1.156604311592977,0.9399083346928854,0.022118585521372316,0.9745773012395865,2.116479833910686,1.738758233877326,0.039545977327044964,0.8816636528891908
Local Model,209,N,Chemical + Properties CS Less,"(841, 26)",14,Transformer,,Standard Scaler,,Median,,Out of time Split,"{""Test Size"": 0.2}",1.2591484285412606,1.050902253643597,0.025241114125593756,0.9698695309049975,1.6256665495751388,1.3260734029916634,0.031176582544056284,0.9301843431143402
